{"cameraMode":{"drawMode":0,"name":"Shaded","section":"Shading Mode"},"sceneLighting":false,"audioPlay":false,"sceneViewState":{"showFog":true,"showMaterialUpdate":false,"showSkybox":false,"showFlares":true,"showImageEffects":true,"showParticleSystems":true},"in2DMode":false,"pivot":{"x":26.72072410583496,"y":0.6753350496292114,"z":-32.385475158691409},"rotation":{"x":0.13828404247760774,"y":-0.6172708868980408,"z":0.11136826872825623,"w":0.76645427942276},"size":1.5426356792449952,"orthographic":false}