{"cameraMode":{"drawMode":0,"name":"Shaded","section":"Shading Mode"},"sceneLighting":true,"audioPlay":false,"sceneViewState":{"showFog":true,"showMaterialUpdate":false,"showSkybox":true,"showFlares":true,"showImageEffects":true,"showParticleSystems":true},"in2DMode":false,"pivot":{"x":693.170166015625,"y":243.07740783691407,"z":-34.85926818847656},"rotation":{"x":-0.25837442278862,"y":-0.08968482166528702,"z":-0.024098338559269906,"w":0.9615709781646729},"size":364.2618713378906,"orthographic":false}