{"cameraMode":{"drawMode":0,"name":"Shaded","section":"Shading Mode"},"sceneLighting":false,"audioPlay":false,"sceneViewState":{"showFog":true,"showMaterialUpdate":false,"showSkybox":false,"showFlares":true,"showImageEffects":true,"showParticleSystems":true},"in2DMode":false,"pivot":{"x":2.5812954902648927,"y":0.1450280398130417,"z":2.8055436611175539},"rotation":{"x":-0.27472805976867678,"y":0.6143469214439392,"z":-0.2413981705904007,"w":-0.6991785168647766},"size":12.709784507751465,"orthographic":false}