{"cameraMode":{"drawMode":0,"name":"Shaded","section":"Shading Mode"},"sceneLighting":true,"audioPlay":false,"sceneViewState":{"showFog":true,"showMaterialUpdate":false,"showSkybox":false,"showFlares":true,"showImageEffects":true,"showParticleSystems":true},"in2DMode":false,"pivot":{"x":7.6236443519592289,"y":0.0,"z":-1.8470020294189454},"rotation":{"x":0.12868572771549226,"y":-0.2902906537055969,"z":0.039429306983947757,"w":0.9474300742149353},"size":103.64265441894531,"orthographic":false}