{"cameraMode":{"drawMode":0,"name":"Shaded","section":"Shading Mode"},"sceneLighting":false,"audioPlay":false,"sceneViewState":{"showFog":true,"showMaterialUpdate":false,"showSkybox":false,"showFlares":true,"showImageEffects":true,"showParticleSystems":true},"in2DMode":false,"pivot":{"x":0.20190772414207459,"y":0.3372778296470642,"z":0.03323352336883545},"rotation":{"x":0.028204655274748803,"y":-0.9380831718444824,"z":-0.33617058396339419,"w":-0.07870499044656754},"size":1.9858970642089844,"orthographic":false}