{"cameraMode":{"drawMode":0,"name":"Shaded","section":"Shading Mode"},"sceneLighting":true,"audioPlay":false,"sceneViewState":{"showFog":true,"showMaterialUpdate":false,"showSkybox":false,"showFlares":true,"showImageEffects":true,"showParticleSystems":true},"in2DMode":false,"pivot":{"x":35.24641418457031,"y":1.114026427268982,"z":-29.500839233398439},"rotation":{"x":-0.0031668683513998987,"y":0.7104754447937012,"z":0.00319702853448689,"w":0.7037071585655212},"size":8.60416316986084,"orthographic":false}