{"cameraMode":{"drawMode":0,"name":"Shaded","section":"Shading Mode"},"sceneLighting":false,"audioPlay":false,"sceneViewState":{"showFog":true,"showMaterialUpdate":false,"showSkybox":false,"showFlares":true,"showImageEffects":true,"showParticleSystems":true},"in2DMode":false,"pivot":{"x":3.725290298461914e-9,"y":0.017472058534622194,"z":0.19855739176273347},"rotation":{"x":-0.01299173105508089,"y":0.9744918942451477,"z":-0.058539703488349918,"w":-0.21626640856266023},"size":0.5181971788406372,"orthographic":false}