{"cameraMode":{"drawMode":0,"name":"Shaded","section":"Shading Mode"},"sceneLighting":true,"audioPlay":false,"sceneViewState":{"showFog":true,"showMaterialUpdate":false,"showSkybox":false,"showFlares":true,"showImageEffects":true,"showParticleSystems":true},"in2DMode":false,"pivot":{"x":27.502519607543947,"y":1.0133841037750245,"z":-28.39609146118164},"rotation":{"x":-0.024577612057328225,"y":0.15917809307575227,"z":-0.003964542876929045,"w":-0.9869422316551209},"size":1.3510241508483887,"orthographic":false}