{"cameraMode":{"drawMode":0,"name":"Shaded","section":"Shading Mode"},"sceneLighting":false,"audioPlay":false,"sceneViewState":{"showFog":true,"showMaterialUpdate":false,"showSkybox":false,"showFlares":true,"showImageEffects":true,"showParticleSystems":true},"in2DMode":false,"pivot":{"x":5.0163469314575199,"y":0.23270630836486817,"z":5.473452091217041},"rotation":{"x":0.3044793903827667,"y":-0.16633525490760804,"z":0.05409608036279678,"w":0.9363337755203247},"size":0.6542004346847534,"orthographic":false}