{"cameraMode":{"drawMode":0,"name":"Shaded","section":"Shading Mode"},"sceneLighting":false,"audioPlay":false,"sceneViewState":{"showFog":true,"showMaterialUpdate":false,"showSkybox":false,"showFlares":true,"showImageEffects":true,"showParticleSystems":true},"in2DMode":false,"pivot":{"x":4.819642543792725,"y":0.3092615008354187,"z":5.42844820022583},"rotation":{"x":0.25159355998039248,"y":-0.2840036153793335,"z":0.07750589400529862,"w":0.9219856262207031},"size":0.8266484141349793,"orthographic":false}