{"cameraMode":{"drawMode":0,"name":"Shaded","section":"Shading Mode"},"sceneLighting":true,"audioPlay":false,"sceneViewState":{"showFog":true,"showMaterialUpdate":false,"showSkybox":true,"showFlares":true,"showImageEffects":true,"showParticleSystems":true},"in2DMode":false,"pivot":{"x":269.906982421875,"y":94.39558410644531,"z":241.13307189941407},"rotation":{"x":0.03149491921067238,"y":-0.0003161021741107106,"z":0.000010094883691635914,"w":0.9995083808898926},"size":474.08953857421877,"orthographic":false}