{"cameraMode":{"drawMode":0,"name":"Shaded","section":"Shading Mode"},"sceneLighting":true,"audioPlay":false,"sceneViewState":{"showFog":true,"showMaterialUpdate":false,"showSkybox":false,"showFlares":true,"showImageEffects":true,"showParticleSystems":true},"in2DMode":false,"pivot":{"x":27.419113159179689,"y":1.0218783617019654,"z":-30.537324905395509},"rotation":{"x":0.22002801299095155,"y":0.5361151099205017,"z":-0.14716191589832307,"w":0.801570475101471},"size":3.3678128719329836,"orthographic":false}