{"cameraMode":{"drawMode":0,"name":"Shaded","section":"Shading Mode"},"sceneLighting":true,"audioPlay":false,"sceneViewState":{"showFog":true,"showMaterialUpdate":false,"showSkybox":false,"showFlares":true,"showImageEffects":true,"showParticleSystems":true},"in2DMode":false,"pivot":{"x":27.234189987182618,"y":-0.33151042461395266,"z":0.03393062204122543},"rotation":{"x":-0.18229258060455323,"y":0.7140688896179199,"z":-0.20178109407424928,"w":-0.6451069712638855},"size":0.8006083369255066,"orthographic":false}