{"cameraMode":{"drawMode":0,"name":"Shaded","section":"Shading Mode"},"sceneLighting":true,"audioPlay":false,"sceneViewState":{"showFog":true,"showMaterialUpdate":false,"showSkybox":false,"showFlares":true,"showImageEffects":true,"showParticleSystems":true},"in2DMode":false,"pivot":{"x":28.27350616455078,"y":1.2163121700286866,"z":-28.38268280029297},"rotation":{"x":-0.11570175737142563,"y":0.36037537455558779,"z":0.04509509727358818,"w":0.924509584903717},"size":1.6997156143188477,"orthographic":false}