{"cameraMode":{"drawMode":0,"name":"Shaded","section":"Shading Mode"},"sceneLighting":true,"audioPlay":false,"sceneViewState":{"showFog":false,"showMaterialUpdate":false,"showSkybox":false,"showFlares":false,"showImageEffects":false,"showParticleSystems":false},"in2DMode":false,"pivot":{"x":22.390165328979493,"y":-13.014488220214844,"z":-10.421488761901856},"rotation":{"x":-0.07431568950414658,"y":-0.4924077093601227,"z":0.042725034058094028,"w":-0.8663806319236755},"size":28.398229598999025,"orthographic":false}